{"cameraMode":{"drawMode":0,"name":"Shaded","section":"Shading Mode"},"sceneLighting":false,"audioPlay":false,"sceneViewState":{"showFog":true,"showMaterialUpdate":false,"showSkybox":false,"showFlares":true,"showImageEffects":true,"showParticleSystems":true},"in2DMode":false,"pivot":{"x":283.8597412109375,"y":302.3628234863281,"z":-462.44573974609377},"rotation":{"x":0.33331263065338137,"y":-0.1987229585647583,"z":0.07208587229251862,"w":0.9188120365142822},"size":14.38261890411377,"orthographic":true}