{"cameraMode":{"drawMode":0,"name":"Shaded","section":"Shading Mode"},"sceneLighting":false,"audioPlay":false,"sceneViewState":{"showFog":true,"showMaterialUpdate":false,"showSkybox":false,"showFlares":true,"showImageEffects":true,"showParticleSystems":true},"in2DMode":false,"pivot":{"x":-255.75296020507813,"y":-117.32423400878906,"z":-2656.5634765625},"rotation":{"x":0.24189722537994386,"y":0.7493234276771545,"z":-0.36474141478538515,"w":0.49695464968681338},"size":10.183045387268067,"orthographic":true}