{"cameraMode":{"drawMode":0,"name":"Shaded","section":"Shading Mode"},"sceneLighting":true,"audioPlay":false,"sceneViewState":{"showFog":true,"showMaterialUpdate":true,"showSkybox":true,"showFlares":true,"showImageEffects":true,"showParticleSystems":true},"in2DMode":false,"pivot":{"x":-15.947933197021485,"y":80.47483825683594,"z":66.28815460205078},"rotation":{"x":-0.04915044829249382,"y":0.11510273814201355,"z":-0.005702134221792221,"w":-0.9921205043792725},"size":19.55780601501465,"orthographic":false}