{"cameraMode":{"drawMode":0,"name":"Shaded","section":"Shading Mode"},"sceneLighting":false,"audioPlay":false,"sceneViewState":{"showFog":true,"showMaterialUpdate":false,"showSkybox":false,"showFlares":true,"showImageEffects":true,"showParticleSystems":true},"in2DMode":false,"pivot":{"x":40.38653564453125,"y":392.6658630371094,"z":-625.4154052734375},"rotation":{"x":0.5230749845504761,"y":0.01024551410228014,"z":-0.0062491497956216339,"w":0.8522022366523743},"size":8.838584899902344,"orthographic":true}