{"cameraMode":{"drawMode":0,"name":"Shaded","section":"Shading Mode"},"sceneLighting":false,"audioPlay":false,"sceneViewState":{"showFog":true,"showMaterialUpdate":false,"showSkybox":false,"showFlares":true,"showImageEffects":true,"showParticleSystems":true},"in2DMode":false,"pivot":{"x":317.03955078125,"y":349.1099548339844,"z":-174.9561767578125},"rotation":{"x":0.21616250276565553,"y":-0.40403997898101809,"z":0.09887569397687912,"w":0.8833171129226685},"size":8.411269187927246,"orthographic":true}