{"cameraMode":{"drawMode":0,"name":"Shaded","section":"Shading Mode"},"sceneLighting":false,"audioPlay":false,"sceneViewState":{"showFog":true,"showMaterialUpdate":true,"showSkybox":false,"showFlares":true,"showImageEffects":true,"showParticleSystems":true},"in2DMode":false,"pivot":{"x":1.2200000286102296,"y":51.529998779296878,"z":9.899999618530274},"rotation":{"x":-0.4145600199699402,"y":-0.012283672578632832,"z":0.005596613045781851,"w":-0.9099218845367432},"size":21.020095825195314,"orthographic":false}