{"cameraMode":{"drawMode":0,"name":"Shaded","section":"Shading Mode"},"sceneLighting":false,"audioPlay":false,"sceneViewState":{"showFog":true,"showMaterialUpdate":true,"showSkybox":false,"showFlares":true,"showImageEffects":true,"showParticleSystems":true},"in2DMode":false,"pivot":{"x":-570.9459228515625,"y":20.87193489074707,"z":-64.32386016845703},"rotation":{"x":-0.011549106799066067,"y":0.9631795883178711,"z":-0.041925109922885898,"w":-0.26531875133514407},"size":13.22447395324707,"orthographic":false}