{"cameraMode":{"drawMode":0,"name":"Shaded","section":"Shading Mode"},"sceneLighting":false,"audioPlay":false,"sceneViewState":{"showFog":true,"showMaterialUpdate":false,"showSkybox":false,"showFlares":true,"showImageEffects":true,"showParticleSystems":true},"in2DMode":false,"pivot":{"x":120.6258544921875,"y":479.8927307128906,"z":0.0},"rotation":{"x":0.037530217319726947,"y":-0.2708599865436554,"z":0.010570196434855461,"w":0.9618288278579712},"size":268.6005554199219,"orthographic":true}