{"cameraMode":{"drawMode":0,"name":"Shaded","section":"Shading Mode"},"sceneLighting":false,"audioPlay":false,"sceneViewState":{"showFog":true,"showMaterialUpdate":false,"showSkybox":false,"showFlares":true,"showImageEffects":true,"showParticleSystems":true},"in2DMode":false,"pivot":{"x":-73.0008544921875,"y":90.64835357666016,"z":157.44338989257813},"rotation":{"x":0.20221775770187379,"y":-0.5333470702171326,"z":0.13306528329849244,"w":0.8105199337005615},"size":856.6688842773438,"orthographic":true}