{"cameraMode":{"drawMode":0,"name":"Shaded","section":"Shading Mode"},"sceneLighting":false,"audioPlay":false,"sceneViewState":{"showFog":true,"showMaterialUpdate":false,"showSkybox":false,"showFlares":true,"showImageEffects":true,"showParticleSystems":true},"in2DMode":false,"pivot":{"x":20.459999084472658,"y":144.8000030517578,"z":44.5},"rotation":{"x":0.21616250276565553,"y":-0.40403997898101809,"z":0.09887569397687912,"w":0.8833171129226685},"size":2.8578836917877199,"orthographic":true}