{"cameraMode":{"drawMode":0,"name":"Shaded","section":"Shading Mode"},"sceneLighting":false,"audioPlay":false,"sceneViewState":{"showFog":true,"showMaterialUpdate":false,"showSkybox":false,"showFlares":true,"showImageEffects":true,"showParticleSystems":true},"in2DMode":false,"pivot":{"x":41.0999755859375,"y":37.0999755859375,"z":0.0},"rotation":{"x":0.08232302218675614,"y":-0.044831883162260059,"z":0.003707017982378602,"w":0.9955899715423584},"size":138.50404357910157,"orthographic":true}