{"cameraMode":{"drawMode":0,"name":"Shaded","section":"Shading Mode"},"sceneLighting":false,"audioPlay":false,"sceneViewState":{"showFog":true,"showMaterialUpdate":false,"showSkybox":false,"showFlares":true,"showImageEffects":true,"showParticleSystems":true},"in2DMode":false,"pivot":{"x":-25.179847717285158,"y":-1.876954436302185,"z":24.122533798217775},"rotation":{"x":-0.11804225295782089,"y":-0.0901399552822113,"z":0.010760052129626274,"w":-0.9888503551483154},"size":79.30012512207031,"orthographic":false}