{"cameraMode":{"drawMode":0,"name":"Shaded","section":"Shading Mode"},"sceneLighting":false,"audioPlay":false,"sceneViewState":{"showFog":true,"showMaterialUpdate":false,"showSkybox":false,"showFlares":true,"showImageEffects":true,"showParticleSystems":true},"in2DMode":false,"pivot":{"x":20.995298385620118,"y":85.92758178710938,"z":-76.890625},"rotation":{"x":-0.05267739295959473,"y":-0.9134553670883179,"z":0.12546683847904206,"w":-0.38351333141326907},"size":22.782121658325197,"orthographic":true}