{"cameraMode":{"drawMode":0,"name":"Shaded","section":"Shading Mode"},"sceneLighting":false,"audioPlay":false,"sceneViewState":{"showFog":true,"showMaterialUpdate":false,"showSkybox":false,"showFlares":true,"showImageEffects":true,"showParticleSystems":true},"in2DMode":false,"pivot":{"x":19.456504821777345,"y":54.81968307495117,"z":50.26209259033203},"rotation":{"x":0.3557751476764679,"y":0.05882292985916138,"z":-0.022440282627940179,"w":0.9324485659599304},"size":277.9068298339844,"orthographic":true}