{"cameraMode":{"drawMode":0,"name":"Shaded","section":"Shading Mode"},"sceneLighting":false,"audioPlay":false,"sceneViewState":{"showFog":true,"showMaterialUpdate":true,"showSkybox":false,"showFlares":true,"showImageEffects":true,"showParticleSystems":true},"in2DMode":false,"pivot":{"x":-271.506591796875,"y":412.3720703125,"z":-649.7071533203125},"rotation":{"x":-0.07251900434494019,"y":-0.7585346698760986,"z":0.08569761365652085,"w":-0.6418895125389099},"size":21.010000228881837,"orthographic":false}