{"cameraMode":{"drawMode":0,"name":"Shaded","section":"Shading Mode"},"sceneLighting":false,"audioPlay":false,"sceneViewState":{"showFog":true,"showMaterialUpdate":true,"showSkybox":false,"showFlares":true,"showImageEffects":true,"showParticleSystems":true},"in2DMode":false,"pivot":{"x":-73.0008544921875,"y":90.64835357666016,"z":157.44338989257813},"rotation":{"x":-0.15082360804080964,"y":-0.03557942807674408,"z":0.00543206324800849,"w":-0.9879053235054016},"size":227.8290557861328,"orthographic":false}