{"cameraMode":{"drawMode":0,"name":"Shaded","section":"Shading Mode"},"sceneLighting":true,"audioPlay":false,"sceneViewState":{"showFog":true,"showMaterialUpdate":true,"showSkybox":true,"showFlares":true,"showImageEffects":true,"showParticleSystems":true},"in2DMode":false,"pivot":{"x":783.5215454101563,"y":472.4124755859375,"z":-73.4698486328125},"rotation":{"x":-0.09871018677949906,"y":-0.050727587193250659,"z":0.005038734059780836,"w":-0.9938096404075623},"size":627.2847290039063,"orthographic":false}