{"cameraMode":{"drawMode":0,"name":"Shaded","section":"Shading Mode"},"sceneLighting":true,"audioPlay":false,"sceneViewState":{"showFog":true,"showMaterialUpdate":true,"showSkybox":true,"showFlares":true,"showImageEffects":true,"showParticleSystems":true},"in2DMode":false,"pivot":{"x":706.6488037109375,"y":302.2523193359375,"z":399.12884521484377},"rotation":{"x":-0.07044129073619843,"y":-0.005984008777886629,"z":0.00042272440623492,"w":-0.9974979162216187},"size":1381.927490234375,"orthographic":false}